{
	"credit": "Made with Blockbench",
	"ambientocclusion": false,
	"textures": {
		"3": "block/birch_leaves/leaves_birch_01",
		"particle": "block/birch_leaves/leaves_birch_01"
	},
	"elements": [
		{
			"from": [-5, 8, -8],
			"to": [27, 8, 24],
			"shade": false,
			"rotation": {"angle": -45, "axis": "z", "origin": [8, 4, 7]},
			"faces": {
				"north": {"uv": [0, 0, 0, 0], "texture": "#null"},
				"east": {"uv": [0, 0, 0, 0], "texture": "#null"},
				"south": {"uv": [0, 0, 0, 0], "texture": "#null"},
				"west": {"uv": [0, 0, 0, 0], "texture": "#null"},
				"up": {"uv": [0, 0, 16, 16], "rotation": 90, "texture": "#3", "tintindex": -1},
				"down": {"uv": [0, 16, 16, 0], "rotation": 270, "texture": "#3", "tintindex": -1}
			}
		},
		{
			"from": [4, -15, -8],
			"to": [4, 17, 24],
			"shade": false,
			"rotation": {"angle": -45, "axis": "z", "origin": [8, 4, 9]},
			"faces": {
				"north": {"uv": [0, 0, 0, 0], "rotation": 90, "texture": "#null"},
				"east": {"uv": [0, 16, 16, 0], "texture": "#3", "tintindex": -1},
				"south": {"uv": [0, 0, 0, 0], "rotation": 270, "texture": "#null"},
				"west": {"uv": [0, 0, 16, 16], "rotation": 180, "texture": "#3", "tintindex": -1},
				"up": {"uv": [0, 0, 0, 0], "rotation": 90, "texture": "#null"},
				"down": {"uv": [0, 0, 0, 0], "rotation": 90, "texture": "#null"}
			}
		},
		{
			"from": [-8, -15, 12],
			"to": [24, 17, 12],
			"shade": false,
			"rotation": {"angle": -45, "axis": "x", "origin": [9, 4, 8]},
			"faces": {
				"north": {"uv": [0, 16, 16, 0], "texture": "#3", "tintindex": -1},
				"east": {"uv": [0, 0, 0, 0], "rotation": 270, "texture": "#null"},
				"south": {"uv": [0, 0, 16, 16], "rotation": 180, "texture": "#3", "tintindex": -1},
				"west": {"uv": [0, 0, 0, 0], "rotation": 90, "texture": "#null"},
				"up": {"uv": [0, 0, 0, 0], "texture": "#null"},
				"down": {"uv": [0, 0, 0, 0], "rotation": 180, "texture": "#null"}
			}
		},
		{
			"from": [-8, -15, 4],
			"to": [24, 17, 4],
			"shade": false,
			"rotation": {"angle": 45, "axis": "x", "origin": [8, 4, 8]},
			"faces": {
				"north": {"uv": [0, 0, 16, 16], "rotation": 180, "texture": "#3", "tintindex": -1},
				"east": {"uv": [0, 0, 0, 0], "rotation": 90, "texture": "#null"},
				"south": {"uv": [0, 16, 16, 0], "texture": "#3", "tintindex": -1},
				"west": {"uv": [0, 0, 0, 0], "rotation": 270, "texture": "#null"},
				"up": {"uv": [0, 0, 0, 0], "rotation": 180, "texture": "#null"},
				"down": {"uv": [0, 0, 0, 0], "texture": "#null"}
			}
		},
		{
			"from": [2, 15, 0],
			"to": [24, 15, 22],
			"shade": false,
			"rotation": {"angle": -22.5, "axis": "z", "origin": [8, 12, 8]},
			"faces": {
				"north": {"uv": [0, 0, 0, 0], "rotation": 180, "texture": "#null"},
				"east": {"uv": [0, 0, 0, 0], "texture": "#null"},
				"south": {"uv": [0, 0, 0, 0], "rotation": 180, "texture": "#null"},
				"west": {"uv": [0, 0, 0, 0], "texture": "#null"},
				"up": {"uv": [0, 0, 16, 16], "rotation": 90, "texture": "#3", "tintindex": -1},
				"down": {"uv": [0, 16, 16, 0], "rotation": 270, "texture": "#3", "tintindex": -1}
			}
		},
		{
			"from": [0, 15, -8],
			"to": [22, 15, 14],
			"shade": false,
			"rotation": {"angle": -22.5, "axis": "x", "origin": [8, 12, 8]},
			"faces": {
				"north": {"uv": [0, 0, 0, 0], "texture": "#null"},
				"east": {"uv": [0, 0, 0, 0], "rotation": 180, "texture": "#null"},
				"south": {"uv": [0, 0, 0, 0], "texture": "#null"},
				"west": {"uv": [0, 0, 0, 0], "rotation": 180, "texture": "#null"},
				"up": {"uv": [0, 0, 16, 16], "texture": "#3", "tintindex": -1},
				"down": {"uv": [0, 16, 16, 0], "texture": "#3", "tintindex": -1}
			}
		},
		{
			"from": [-8, 15, -6],
			"to": [14, 15, 16],
			"shade": false,
			"rotation": {"angle": 22.5, "axis": "z", "origin": [8, 12, 8]},
			"faces": {
				"north": {"uv": [0, 0, 0, 0], "rotation": 180, "texture": "#null"},
				"east": {"uv": [0, 0, 0, 0], "rotation": 180, "texture": "#null"},
				"south": {"uv": [0, 0, 0, 0], "rotation": 180, "texture": "#null"},
				"west": {"uv": [0, 0, 0, 0], "rotation": 180, "texture": "#null"},
				"up": {"uv": [0, 0, 16, 16], "rotation": 270, "texture": "#3", "tintindex": -1},
				"down": {"uv": [0, 16, 16, 0], "rotation": 90, "texture": "#3", "tintindex": -1}
			}
		},
		{
			"from": [-6, 15, 2],
			"to": [16, 15, 24],
			"shade": false,
			"rotation": {"angle": 22.5, "axis": "x", "origin": [8, 12, 8]},
			"faces": {
				"north": {"uv": [0, 0, 0, 0], "texture": "#null"},
				"east": {"uv": [0, 0, 0, 0], "texture": "#null"},
				"south": {"uv": [0, 0, 0, 0], "texture": "#null"},
				"west": {"uv": [0, 0, 0, 0], "texture": "#null"},
				"up": {"uv": [0, 0, 16, 16], "rotation": 180, "texture": "#3", "tintindex": -1},
				"down": {"uv": [0, 16, 16, 0], "rotation": 180, "texture": "#3", "tintindex": -1}
			}
		}
	],
	"display": {
		"thirdperson_righthand": {
			"rotation": [75, 45, 0],
			"translation": [0, 2.5, 0],
			"scale": [0.375, 0.375, 0.375]
		},
		"firstperson_righthand": {
			"rotation": [0, 45, 0],
			"scale": [0.4, 0.4, 0.4]
		},
		"firstperson_lefthand": {
			"rotation": [0, 225, 0],
			"scale": [0.4, 0.4, 0.4]
		},
		"ground": {
			"translation": [0, 3, 0],
			"scale": [0.25, 0.25, 0.25]
		},
		"gui": {
			"rotation": [30, 225, 0],
			"scale": [0.625, 0.625, 0.625]
		},
		"fixed": {
			"scale": [0.5, 0.5, 0.5]
		}
	}
}